uce_id;uci_id;grupo;n_tokens;n_active
grupo1__uce0000;grupo1;G1;43;0
grupo1__uce0001;grupo1;G1;54;8
grupo1__uce0002;grupo1;G1;66;13
grupo1__uce0003;grupo1;G1;68;19
grupo1__uce0004;grupo1;G1;53;10
grupo1__uce0005;grupo1;G1;47;12
grupo1__uce0006;grupo1;G1;56;14
grupo1__uce0007;grupo1;G1;40;9
grupo1__uce0008;grupo1;G1;47;15
grupo1__uce0009;grupo1;G1;47;14
grupo1__uce0010;grupo1;G1;43;10
grupo1__uce0011;grupo1;G1;56;12
grupo1__uce0012;grupo1;G1;49;18
grupo1__uce0013;grupo1;G1;40;11
grupo1__uce0014;grupo1;G1;49;15
grupo1__uce0015;grupo1;G1;42;10
grupo1__uce0016;grupo1;G1;40;11
grupo1__uce0017;grupo1;G1;46;17
grupo1__uce0018;grupo1;G1;41;12
grupo1__uce0019;grupo1;G1;60;21
grupo1__uce0020;grupo1;G1;41;12
grupo1__uce0021;grupo1;G1;68;12
grupo1__uce0022;grupo1;G1;40;5
grupo1__uce0023;grupo1;G1;63;7
grupo1__uce0024;grupo1;G1;51;12
grupo1__uce0025;grupo1;G1;56;9
grupo1__uce0026;grupo1;G1;46;14
grupo1__uce0027;grupo1;G1;40;8
grupo1__uce0028;grupo1;G1;46;9
grupo1__uce0029;grupo1;G1;40;11
grupo1__uce0030;grupo1;G1;47;11
grupo1__uce0031;grupo1;G1;58;12
grupo1__uce0032;grupo1;G1;57;16
grupo1__uce0033;grupo1;G1;46;16
grupo1__uce0034;grupo1;G1;47;9
grupo1__uce0035;grupo1;G1;41;13
grupo1__uce0036;grupo1;G1;48;12
grupo1__uce0037;grupo1;G1;45;11
grupo1__uce0038;grupo1;G1;41;13
grupo1__uce0039;grupo1;G1;46;12
grupo1__uce0040;grupo1;G1;42;11
grupo1__uce0041;grupo1;G1;52;10
grupo1__uce0042;grupo1;G1;58;10
grupo1__uce0043;grupo1;G1;46;9
grupo1__uce0044;grupo1;G1;46;8
grupo1__uce0045;grupo1;G1;60;17
grupo1__uce0046;grupo1;G1;42;5
grupo1__uce0047;grupo1;G1;48;13
grupo1__uce0048;grupo1;G1;46;12
grupo1__uce0049;grupo1;G1;43;13
grupo1__uce0050;grupo1;G1;45;8
grupo1__uce0051;grupo1;G1;42;7
grupo1__uce0052;grupo1;G1;48;11
grupo1__uce0053;grupo1;G1;51;9
grupo1__uce0054;grupo1;G1;43;7
grupo1__uce0055;grupo1;G1;65;15
grupo1__uce0056;grupo1;G1;42;6
grupo1__uce0057;grupo1;G1;5;0
grupo2__uce0000;grupo2;G2;48;6
grupo2__uce0001;grupo2;G2;62;8
grupo2__uce0002;grupo2;G2;55;11
grupo2__uce0003;grupo2;G2;45;9
grupo2__uce0004;grupo2;G2;49;11
grupo2__uce0005;grupo2;G2;51;9
grupo2__uce0006;grupo2;G2;41;7
grupo2__uce0007;grupo2;G2;52;13
grupo2__uce0008;grupo2;G2;46;10
grupo2__uce0009;grupo2;G2;45;11
grupo2__uce0010;grupo2;G2;79;19
grupo2__uce0011;grupo2;G2;42;13
grupo2__uce0012;grupo2;G2;40;11
grupo2__uce0013;grupo2;G2;46;10
grupo2__uce0014;grupo2;G2;61;13
grupo2__uce0015;grupo2;G2;64;13
grupo2__uce0016;grupo2;G2;41;12
grupo2__uce0017;grupo2;G2;41;13
grupo2__uce0018;grupo2;G2;49;14
grupo2__uce0019;grupo2;G2;53;7
grupo2__uce0020;grupo2;G2;47;12
grupo2__uce0021;grupo2;G2;51;10
grupo2__uce0022;grupo2;G2;50;9
grupo2__uce0023;grupo2;G2;49;10
grupo2__uce0024;grupo2;G2;47;10
grupo2__uce0025;grupo2;G2;49;9
grupo2__uce0026;grupo2;G2;45;10
grupo2__uce0027;grupo2;G2;43;6
grupo2__uce0028;grupo2;G2;47;10
grupo2__uce0029;grupo2;G2;61;17
grupo2__uce0030;grupo2;G2;58;13
grupo2__uce0031;grupo2;G2;43;9
grupo2__uce0032;grupo2;G2;45;9
grupo2__uce0033;grupo2;G2;49;12
grupo2__uce0034;grupo2;G2;47;8
grupo2__uce0035;grupo2;G2;73;13
grupo2__uce0036;grupo2;G2;54;15
grupo2__uce0037;grupo2;G2;52;15
grupo2__uce0038;grupo2;G2;49;6
grupo2__uce0039;grupo2;G2;41;7
grupo2__uce0040;grupo2;G2;41;10
grupo2__uce0041;grupo2;G2;56;11
grupo2__uce0042;grupo2;G2;47;12
grupo2__uce0043;grupo2;G2;45;9
grupo2__uce0044;grupo2;G2;49;14
grupo2__uce0045;grupo2;G2;40;13
grupo2__uce0046;grupo2;G2;42;14
grupo2__uce0047;grupo2;G2;52;15
grupo2__uce0048;grupo2;G2;47;13
grupo2__uce0049;grupo2;G2;52;5
grupo2__uce0050;grupo2;G2;40;15
grupo2__uce0051;grupo2;G2;54;5
grupo2__uce0052;grupo2;G2;41;7
grupo2__uce0053;grupo2;G2;61;18
grupo2__uce0054;grupo2;G2;52;10
grupo2__uce0055;grupo2;G2;41;11
grupo2__uce0056;grupo2;G2;43;8
grupo2__uce0057;grupo2;G2;46;7
grupo2__uce0058;grupo2;G2;49;12
grupo2__uce0059;grupo2;G2;44;11
grupo2__uce0060;grupo2;G2;44;9
grupo2__uce0061;grupo2;G2;56;11
grupo2__uce0062;grupo2;G2;46;11
grupo2__uce0063;grupo2;G2;75;21
grupo2__uce0064;grupo2;G2;49;10
grupo2__uce0065;grupo2;G2;44;12
grupo2__uce0066;grupo2;G2;64;18
grupo2__uce0067;grupo2;G2;51;12
grupo2__uce0068;grupo2;G2;49;12
grupo2__uce0069;grupo2;G2;48;15
grupo2__uce0070;grupo2;G2;50;16
grupo3__uce0000;grupo3;G3;54;16
grupo3__uce0001;grupo3;G3;47;14
grupo3__uce0002;grupo3;G3;56;17
grupo3__uce0003;grupo3;G3;41;10
grupo3__uce0004;grupo3;G3;43;7
grupo3__uce0005;grupo3;G3;58;18
grupo3__uce0006;grupo3;G3;46;11
grupo3__uce0007;grupo3;G3;45;10
grupo3__uce0008;grupo3;G3;47;9
grupo3__uce0009;grupo3;G3;42;7
grupo3__uce0010;grupo3;G3;54;12
grupo3__uce0011;grupo3;G3;41;12
grupo3__uce0012;grupo3;G3;48;16
grupo3__uce0013;grupo3;G3;56;12
grupo3__uce0014;grupo3;G3;42;7
grupo3__uce0015;grupo3;G3;60;16
grupo3__uce0016;grupo3;G3;47;15
grupo3__uce0017;grupo3;G3;58;13
grupo3__uce0018;grupo3;G3;53;14
grupo3__uce0019;grupo3;G3;67;20
grupo3__uce0020;grupo3;G3;50;15
grupo3__uce0021;grupo3;G3;55;15
grupo3__uce0022;grupo3;G3;48;19
grupo3__uce0023;grupo3;G3;43;11
grupo3__uce0024;grupo3;G3;57;15
grupo3__uce0025;grupo3;G3;55;20
grupo3__uce0026;grupo3;G3;50;8
grupo3__uce0027;grupo3;G3;65;14
grupo3__uce0028;grupo3;G3;51;8
grupo3__uce0029;grupo3;G3;42;10
grupo3__uce0030;grupo3;G3;41;7
grupo3__uce0031;grupo3;G3;50;13
grupo3__uce0032;grupo3;G3;46;10
grupo3__uce0033;grupo3;G3;58;12
grupo3__uce0034;grupo3;G3;53;14
grupo3__uce0035;grupo3;G3;65;15
grupo3__uce0036;grupo3;G3;46;10
grupo3__uce0037;grupo3;G3;51;11
grupo3__uce0038;grupo3;G3;75;17
grupo3__uce0039;grupo3;G3;40;6
grupo3__uce0040;grupo3;G3;45;5
grupo3__uce0041;grupo3;G3;42;12
grupo3__uce0042;grupo3;G3;42;8
grupo3__uce0043;grupo3;G3;44;11
grupo3__uce0044;grupo3;G3;46;9
grupo3__uce0045;grupo3;G3;40;8
grupo3__uce0046;grupo3;G3;47;7
grupo3__uce0047;grupo3;G3;66;17
grupo3__uce0048;grupo3;G3;54;13
grupo3__uce0049;grupo3;G3;47;8
grupo3__uce0050;grupo3;G3;80;14
grupo3__uce0051;grupo3;G3;47;8
grupo3__uce0052;grupo3;G3;64;9
grupo3__uce0053;grupo3;G3;42;5
grupo3__uce0054;grupo3;G3;45;8
grupo3__uce0055;grupo3;G3;46;6
grupo3__uce0056;grupo3;G3;43;3
grupo3__uce0057;grupo3;G3;21;7
grupo5__uce0000;grupo5;G5;62;4
grupo5__uce0001;grupo5;G5;41;3
grupo5__uce0002;grupo5;G5;59;12
grupo5__uce0003;grupo5;G5;41;11
grupo5__uce0004;grupo5;G5;45;11
grupo5__uce0005;grupo5;G5;55;14
grupo5__uce0006;grupo5;G5;42;13
grupo5__uce0007;grupo5;G5;44;14
grupo5__uce0008;grupo5;G5;48;6
grupo5__uce0009;grupo5;G5;51;9
grupo5__uce0010;grupo5;G5;43;14
grupo5__uce0011;grupo5;G5;42;9
grupo5__uce0012;grupo5;G5;54;13
grupo5__uce0013;grupo5;G5;63;14
grupo5__uce0014;grupo5;G5;44;6
grupo5__uce0015;grupo5;G5;51;10
grupo5__uce0016;grupo5;G5;44;12
grupo5__uce0017;grupo5;G5;41;12
grupo5__uce0018;grupo5;G5;40;10
grupo5__uce0019;grupo5;G5;42;11
grupo5__uce0020;grupo5;G5;45;15
grupo5__uce0021;grupo5;G5;48;12
grupo5__uce0022;grupo5;G5;61;17
grupo5__uce0023;grupo5;G5;56;16
grupo5__uce0024;grupo5;G5;49;11
grupo5__uce0025;grupo5;G5;49;11
grupo5__uce0026;grupo5;G5;44;13
grupo5__uce0027;grupo5;G5;41;8
grupo5__uce0028;grupo5;G5;61;7
grupo5__uce0029;grupo5;G5;45;8
grupo5__uce0030;grupo5;G5;50;19
grupo5__uce0031;grupo5;G5;46;13
grupo5__uce0032;grupo5;G5;41;6
grupo5__uce0033;grupo5;G5;52;13
grupo5__uce0034;grupo5;G5;49;11
grupo5__uce0035;grupo5;G5;45;11
grupo5__uce0036;grupo5;G5;47;11
grupo5__uce0037;grupo5;G5;43;9
grupo5__uce0038;grupo5;G5;41;12
grupo5__uce0039;grupo5;G5;42;17
grupo5__uce0040;grupo5;G5;43;6
grupo5__uce0041;grupo5;G5;55;6
grupo5__uce0042;grupo5;G5;50;9
grupo5__uce0043;grupo5;G5;50;12
grupo5__uce0044;grupo5;G5;55;14
grupo5__uce0045;grupo5;G5;41;5
grupo5__uce0046;grupo5;G5;49;10
grupo5__uce0047;grupo5;G5;41;6
grupo5__uce0048;grupo5;G5;45;11
grupo5__uce0049;grupo5;G5;69;13
grupo5__uce0050;grupo5;G5;41;8
grupo5__uce0051;grupo5;G5;45;11
grupo5__uce0052;grupo5;G5;31;7
grupo6__uce0000;grupo6;G6;47;4
grupo6__uce0001;grupo6;G6;45;6
grupo6__uce0002;grupo6;G6;43;5
grupo6__uce0003;grupo6;G6;40;15
grupo6__uce0004;grupo6;G6;60;24
grupo6__uce0005;grupo6;G6;58;20
grupo6__uce0006;grupo6;G6;57;20
grupo6__uce0007;grupo6;G6;45;20
grupo6__uce0008;grupo6;G6;71;22
grupo6__uce0009;grupo6;G6;63;20
grupo6__uce0010;grupo6;G6;69;24
grupo6__uce0011;grupo6;G6;52;13
grupo6__uce0012;grupo6;G6;59;11
grupo6__uce0013;grupo6;G6;57;16
grupo6__uce0014;grupo6;G6;49;16
grupo6__uce0015;grupo6;G6;42;10
grupo6__uce0016;grupo6;G6;63;18
grupo6__uce0017;grupo6;G6;52;14
grupo6__uce0018;grupo6;G6;46;16
grupo6__uce0019;grupo6;G6;60;13
grupo6__uce0020;grupo6;G6;47;13
grupo6__uce0021;grupo6;G6;42;9
grupo6__uce0022;grupo6;G6;55;17
grupo6__uce0023;grupo6;G6;58;16
grupo6__uce0024;grupo6;G6;44;7
grupo6__uce0025;grupo6;G6;63;23
grupo6__uce0026;grupo6;G6;42;10
grupo6__uce0027;grupo6;G6;47;13
grupo6__uce0028;grupo6;G6;58;16
grupo6__uce0029;grupo6;G6;42;12
grupo6__uce0030;grupo6;G6;50;11
grupo6__uce0031;grupo6;G6;52;16
grupo6__uce0032;grupo6;G6;55;15
grupo6__uce0033;grupo6;G6;45;8
grupo6__uce0034;grupo6;G6;65;20
grupo6__uce0035;grupo6;G6;45;6
grupo6__uce0036;grupo6;G6;85;26
grupo6__uce0037;grupo6;G6;53;7
grupo6__uce0038;grupo6;G6;43;9
grupo6__uce0039;grupo6;G6;53;19
grupo6__uce0040;grupo6;G6;55;15
grupo6__uce0041;grupo6;G6;45;13
grupo6__uce0042;grupo6;G6;42;8
grupo6__uce0043;grupo6;G6;52;16
grupo6__uce0044;grupo6;G6;48;13
grupo6__uce0045;grupo6;G6;49;8
grupo6__uce0046;grupo6;G6;60;11
grupo6__uce0047;grupo6;G6;44;13
grupo6__uce0048;grupo6;G6;48;12
grupo6__uce0049;grupo6;G6;51;14
grupo6__uce0050;grupo6;G6;55;17
grupo6__uce0051;grupo6;G6;40;15
grupo6__uce0052;grupo6;G6;51;17
grupo6__uce0053;grupo6;G6;70;13
grupo6__uce0054;grupo6;G6;20;6
grupo7__uce0000;grupo7;G7;43;2
grupo7__uce0001;grupo7;G7;50;6
grupo7__uce0002;grupo7;G7;41;9
grupo7__uce0003;grupo7;G7;50;16
grupo7__uce0004;grupo7;G7;51;12
grupo7__uce0005;grupo7;G7;44;11
grupo7__uce0006;grupo7;G7;42;7
grupo7__uce0007;grupo7;G7;42;12
grupo7__uce0008;grupo7;G7;57;14
grupo7__uce0009;grupo7;G7;58;11
grupo7__uce0010;grupo7;G7;52;17
grupo7__uce0011;grupo7;G7;61;15
grupo7__uce0012;grupo7;G7;54;15
grupo7__uce0013;grupo7;G7;49;11
grupo7__uce0014;grupo7;G7;52;5
grupo7__uce0015;grupo7;G7;40;7
grupo7__uce0016;grupo7;G7;58;15
grupo7__uce0017;grupo7;G7;48;15
grupo7__uce0018;grupo7;G7;49;18
grupo7__uce0019;grupo7;G7;45;9
grupo7__uce0020;grupo7;G7;52;11
grupo7__uce0021;grupo7;G7;41;9
grupo7__uce0022;grupo7;G7;44;10
grupo7__uce0023;grupo7;G7;47;13
grupo7__uce0024;grupo7;G7;40;9
grupo7__uce0025;grupo7;G7;41;10
grupo7__uce0026;grupo7;G7;45;12
grupo7__uce0027;grupo7;G7;40;9
grupo7__uce0028;grupo7;G7;58;13
grupo7__uce0029;grupo7;G7;49;11
grupo7__uce0030;grupo7;G7;45;11
grupo7__uce0031;grupo7;G7;44;12
grupo7__uce0032;grupo7;G7;41;5
grupo7__uce0033;grupo7;G7;57;14
grupo7__uce0034;grupo7;G7;47;10
grupo7__uce0035;grupo7;G7;46;8
grupo7__uce0036;grupo7;G7;34;11
grupo8__uce0000;grupo8;G8;41;1
grupo8__uce0001;grupo8;G8;46;13
grupo8__uce0002;grupo8;G8;60;15
grupo8__uce0003;grupo8;G8;61;17
grupo8__uce0004;grupo8;G8;44;14
grupo8__uce0005;grupo8;G8;51;22
grupo8__uce0006;grupo8;G8;40;2
grupo8__uce0007;grupo8;G8;63;22
grupo8__uce0008;grupo8;G8;53;22
grupo8__uce0009;grupo8;G8;43;9
grupo8__uce0010;grupo8;G8;48;13
grupo8__uce0011;grupo8;G8;50;16
grupo8__uce0012;grupo8;G8;57;20
grupo8__uce0013;grupo8;G8;42;13
grupo8__uce0014;grupo8;G8;45;15
grupo8__uce0015;grupo8;G8;50;13
grupo8__uce0016;grupo8;G8;51;13
grupo8__uce0017;grupo8;G8;48;14
grupo8__uce0018;grupo8;G8;44;10
grupo8__uce0019;grupo8;G8;46;15
grupo8__uce0020;grupo8;G8;48;13
grupo8__uce0021;grupo8;G8;41;7
grupo8__uce0022;grupo8;G8;74;19
grupo8__uce0023;grupo8;G8;42;13
grupo8__uce0024;grupo8;G8;45;15
grupo8__uce0025;grupo8;G8;41;10
grupo8__uce0026;grupo8;G8;51;16
grupo8__uce0027;grupo8;G8;40;10
grupo8__uce0028;grupo8;G8;65;16
grupo8__uce0029;grupo8;G8;46;12
grupo8__uce0030;grupo8;G8;43;13
grupo8__uce0031;grupo8;G8;45;10
grupo8__uce0032;grupo8;G8;54;14
grupo8__uce0033;grupo8;G8;43;8
grupo8__uce0034;grupo8;G8;48;9
grupo8__uce0035;grupo8;G8;55;9
grupo8__uce0036;grupo8;G8;46;12
grupo8__uce0037;grupo8;G8;55;4
grupo8__uce0038;grupo8;G8;55;19
grupo8__uce0039;grupo8;G8;58;9
grupo8__uce0040;grupo8;G8;43;7
grupo8__uce0041;grupo8;G8;74;21
grupo8__uce0042;grupo8;G8;46;10
grupo8__uce0043;grupo8;G8;47;11
grupo8__uce0044;grupo8;G8;59;10
grupo8__uce0045;grupo8;G8;43;10
grupo8__uce0046;grupo8;G8;41;4
grupo8__uce0047;grupo8;G8;44;10
grupo8__uce0048;grupo8;G8;19;5
